x,y,z,uuid,type,alive,display_name,custom_name
-145.5,5.5625,-235.5,5fee61f5-6d81-4d32-a6c5-6d14925dfafe,minecraft:villager,true,Villager,[null]
-154.68835930343843,4.0,-230.6850377556895,82767022-8bfc-4687-8f07-54550caf4f24,minecraft:cow,true,Cow,[null]
-169.07499998807907,5.0,-265.07499998807907,958d951f-5d86-41bd-ac8a-56e634d48a93,minecraft:sheep,true,Sheep,[null]
-169.92500001192093,5.0,-265.92500001192093,813f93b8-4149-4d75-85b1-a1d5cfb9e2e1,minecraft:sheep,true,Sheep,[null]
-163.07499998807907,5.0,-265.92500001192093,5460cab5-06c1-43bc-8d9f-67823ee4ad82,minecraft:cow,true,Cow,[null]
-163.92500001192093,5.0,-265.07499998807907,83752856-4605-4108-8865-f2c464b7a928,minecraft:cow,true,Cow,[null]
-172.62409296677595,5.0,-256.01122641701113,8486d3a4-2078-488a-bd9f-ebf7677e7ebc,minecraft:villager,true,Villager,[null]
-187.44,5.0,-256.45,c2de3977-8958-4373-b211-69b66ca5c3c5,minecraft:iron_golem,true,Iron Golem,[null]
-181.36854471010184,5.0,-257.72049861908556,e0330633-f964-4fe4-a158-3907a1349ae2,minecraft:villager,true,Villager,[null]
-183.36854471010184,5.0,-257.72049861908556,b7f79227-fde2-460f-a88d-e95683d5e77c,minecraft:villager,true,Villager,[null]
-185.63145528989816,5.0,-256.27950138091444,b492b0e4-4b77-4040-81a7-d3c12c8a446c,minecraft:villager,true,Villager,[null]
-201.63145528989816,6.0,-275.27950138091444,81a35146-f16c-40b7-a5e0-ae43228f7981,minecraft:villager,true,Villager,[null]
-219.63145528989816,6.0,-275.27950138091444,af81c235-c784-4221-9815-b3b81b8cf17a,minecraft:villager,true,Villager,[null]
-237.63145528989816,6.0,-265.27950138091444,93830025-83aa-4ab1-a4b3-a3b71360d03b,minecraft:villager,true,Villager,[null]
-146.7204986190856,6.0,-258.63145528989816,e0052a72-7804-473a-a645-943e3e8ce0c2,minecraft:villager,true,Villager,[null]
-136.54577263261774,4.0,-256.05127162804445,1a7c6f1d-dde9-466d-b619-45dc6e14d277,minecraft:cow,true,Cow,[null]
-225.678500877564,4.0,-93.90168880526188,8c6c43b3-2bef-3c48-a644-fe1d4c106c17,minecraft:player,true,dev,[null]
